year,country_count,countries
2000,184,"Afghanistan; Albania; Algeria; Andorra; Angola; Antigua and Barbuda; Argentina; Armenia; Australia; Austria; Azerbaijan; Bahamas, The; Bahrain; Bangladesh; Barbados; Belarus; Belgium; Belize; Benin; Bermuda; Bhutan; Bolivia; Bosnia and Herzegovina; Botswana; Brazil; Brunei Darussalam; Bulgaria; Burkina Faso; Burundi; Cambodia; Cameroon; Canada; Cayman Islands; Central African Republic; Chad; Chile; China; Colombia; Comoros; Congo, Dem. Rep.; Congo, Rep.; Costa Rica; Croatia; Cuba; Cyprus; Czechia; Côte d’Ivoire; Denmark; Djibouti; Dominica; Dominican Republic; Ecuador; Egypt, Arab Rep.; El Salvador; Equatorial Guinea; Eritrea; Estonia; Eswatini; Ethiopia; Federal Republic of Somalia; Fiji; Finland; France; French Guiana; Gabon; Gambia, The; Georgia; Germany; Ghana; Greece; Grenada; Guatemala; Guinea; Guinea-Bissau; Guyana; Haiti; Honduras; Hong Kong SAR, China; Hungary; Iceland; India; Indonesia; Iran, Islamic Rep.; Iraq; Ireland; Israel; Italy; Jamaica; Japan; Jordan; Kazakhstan; Kenya; Korea, Dem. People's Rep.; Korea, Rep.; Kuwait; Kyrgyz Republic; Lao PDR; Latvia; Lebanon; Lesotho; Liberia; Libya; Liechtenstein; Lithuania; Luxembourg; Macao SAR, China; Madagascar; Malawi; Malaysia; Maldives; Mali; Malta; Martinique; Mauritania; Mauritius; Mexico; Moldova; Mongolia; Morocco; Mozambique; Myanmar; Namibia; Nepal; Netherlands; New Zealand; Nicaragua; Niger; Nigeria; North Macedonia; Norway; Oman; Pakistan; Panama; Papua New Guinea; Paraguay; Peru; Philippines; Poland; Portugal; Puerto Rico (U.S.); Qatar; Romania; Russian Federation; Rwanda; Samoa; Saudi Arabia; Senegal; Serbia; Seychelles; Sierra Leone; Singapore; Slovak Republic; Slovenia; South Africa; Spain; Sri Lanka; Sudan; Suriname; Sweden; Switzerland; Syrian Arab Republic; São Tomé and Príncipe; Taiwan, China; Tajikistan; Tanzania; Thailand; Togo; Trinidad and Tobago; Tunisia; Turkmenistan; Türkiye; Uganda; Ukraine; United Arab Emirates; United Kingdom; United States; Uruguay; Uzbekistan; Venezuela, RB; Viet Nam; West Bank and Gaza; Yemen, Rep.; Zambia; Zimbabwe"
2002,186,"Afghanistan; Albania; Algeria; Andorra; Angola; Antigua and Barbuda; Argentina; Armenia; Australia; Austria; Azerbaijan; Bahamas, The; Bahrain; Bangladesh; Barbados; Belarus; Belgium; Belize; Benin; Bermuda; Bhutan; Bolivia; Bosnia and Herzegovina; Botswana; Brazil; Brunei Darussalam; Bulgaria; Burkina Faso; Burundi; Cabo Verde; Cambodia; Cameroon; Canada; Cayman Islands; Central African Republic; Chad; Chile; China; Colombia; Comoros; Congo, Dem. Rep.; Congo, Rep.; Costa Rica; Croatia; Cuba; Cyprus; Czechia; Côte d’Ivoire; Denmark; Djibouti; Dominica; Dominican Republic; Ecuador; Egypt, Arab Rep.; El Salvador; Equatorial Guinea; Eritrea; Estonia; Eswatini; Ethiopia; Federal Republic of Somalia; Fiji; Finland; France; French Guiana; Gabon; Gambia, The; Georgia; Germany; Ghana; Greece; Grenada; Guatemala; Guinea; Guinea-Bissau; Guyana; Haiti; Honduras; Hong Kong SAR, China; Hungary; Iceland; India; Indonesia; Iran, Islamic Rep.; Iraq; Ireland; Israel; Italy; Jamaica; Japan; Jordan; Kazakhstan; Kenya; Korea, Dem. People's Rep.; Korea, Rep.; Kuwait; Kyrgyz Republic; Lao PDR; Latvia; Lebanon; Lesotho; Liberia; Libya; Liechtenstein; Lithuania; Luxembourg; Macao SAR, China; Madagascar; Malawi; Malaysia; Maldives; Mali; Malta; Martinique; Mauritania; Mauritius; Mexico; Moldova; Mongolia; Morocco; Mozambique; Myanmar; Namibia; Nepal; Netherlands; New Zealand; Nicaragua; Niger; Nigeria; North Macedonia; Norway; Oman; Pakistan; Panama; Papua New Guinea; Paraguay; Peru; Philippines; Poland; Portugal; Puerto Rico (U.S.); Qatar; Romania; Russian Federation; Rwanda; Samoa; Saudi Arabia; Senegal; Serbia; Seychelles; Sierra Leone; Singapore; Slovak Republic; Slovenia; South Africa; Spain; Sri Lanka; Sudan; Suriname; Sweden; Switzerland; Syrian Arab Republic; São Tomé and Príncipe; Taiwan, China; Tajikistan; Tanzania; Thailand; Timor-Leste; Togo; Trinidad and Tobago; Tunisia; Turkmenistan; Türkiye; Uganda; Ukraine; United Arab Emirates; United Kingdom; United States; Uruguay; Uzbekistan; Venezuela, RB; Viet Nam; West Bank and Gaza; Yemen, Rep.; Zambia; Zimbabwe"
2003,186,"Afghanistan; Albania; Algeria; Andorra; Angola; Antigua and Barbuda; Argentina; Armenia; Australia; Austria; Azerbaijan; Bahamas, The; Bahrain; Bangladesh; Barbados; Belarus; Belgium; Belize; Benin; Bermuda; Bhutan; Bolivia; Bosnia and Herzegovina; Botswana; Brazil; Brunei Darussalam; Bulgaria; Burkina Faso; Burundi; Cabo Verde; Cambodia; Cameroon; Canada; Cayman Islands; Central African Republic; Chad; Chile; China; Colombia; Comoros; Congo, Dem. Rep.; Congo, Rep.; Costa Rica; Croatia; Cuba; Cyprus; Czechia; Côte d’Ivoire; Denmark; Djibouti; Dominica; Dominican Republic; Ecuador; Egypt, Arab Rep.; El Salvador; Equatorial Guinea; Eritrea; Estonia; Eswatini; Ethiopia; Federal Republic of Somalia; Fiji; Finland; France; French Guiana; Gabon; Gambia, The; Georgia; Germany; Ghana; Greece; Grenada; Guatemala; Guinea; Guinea-Bissau; Guyana; Haiti; Honduras; Hong Kong SAR, China; Hungary; Iceland; India; Indonesia; Iran, Islamic Rep.; Iraq; Ireland; Israel; Italy; Jamaica; Japan; Jordan; Kazakhstan; Kenya; Korea, Dem. People's Rep.; Korea, Rep.; Kuwait; Kyrgyz Republic; Lao PDR; Latvia; Lebanon; Lesotho; Liberia; Libya; Liechtenstein; Lithuania; Luxembourg; Macao SAR, China; Madagascar; Malawi; Malaysia; Maldives; Mali; Malta; Martinique; Mauritania; Mauritius; Mexico; Moldova; Mongolia; Morocco; Mozambique; Myanmar; Namibia; Nepal; Netherlands; New Zealand; Nicaragua; Niger; Nigeria; North Macedonia; Norway; Oman; Pakistan; Panama; Papua New Guinea; Paraguay; Peru; Philippines; Poland; Portugal; Puerto Rico (U.S.); Qatar; Romania; Russian Federation; Rwanda; Samoa; Saudi Arabia; Senegal; Serbia; Seychelles; Sierra Leone; Singapore; Slovak Republic; Slovenia; South Africa; Spain; Sri Lanka; Sudan; Suriname; Sweden; Switzerland; Syrian Arab Republic; São Tomé and Príncipe; Taiwan, China; Tajikistan; Tanzania; Thailand; Timor-Leste; Togo; Trinidad and Tobago; Tunisia; Turkmenistan; Türkiye; Uganda; Ukraine; United Arab Emirates; United Kingdom; United States; Uruguay; Uzbekistan; Venezuela, RB; Viet Nam; West Bank and Gaza; Yemen, Rep.; Zambia; Zimbabwe"
2004,202,"Afghanistan; Albania; Algeria; American Samoa; Andorra; Angola; Anguilla; Antigua and Barbuda; Argentina; Armenia; Aruba; Australia; Austria; Azerbaijan; Bahamas, The; Bahrain; Bangladesh; Barbados; Belarus; Belgium; Belize; Benin; Bermuda; Bhutan; Bolivia; Bosnia and Herzegovina; Botswana; Brazil; Brunei Darussalam; Bulgaria; Burkina Faso; Burundi; Cabo Verde; Cambodia; Cameroon; Canada; Cayman Islands; Central African Republic; Chad; Chile; China; Colombia; Comoros; Congo, Dem. Rep.; Congo, Rep.; Costa Rica; Croatia; Cuba; Cyprus; Czechia; Côte d’Ivoire; Denmark; Djibouti; Dominica; Dominican Republic; Ecuador; Egypt, Arab Rep.; El Salvador; Equatorial Guinea; Eritrea; Estonia; Eswatini; Ethiopia; Federal Republic of Somalia; Fiji; Finland; France; French Guiana; Gabon; Gambia, The; Georgia; Germany; Ghana; Greece; Grenada; Guam; Guatemala; Guinea; Guinea-Bissau; Guyana; Haiti; Honduras; Hong Kong SAR, China; Hungary; Iceland; India; Indonesia; Iran, Islamic Rep.; Iraq; Ireland; Israel; Italy; Jamaica; Japan; Jordan; Kazakhstan; Kenya; Kiribati; Korea, Dem. People's Rep.; Korea, Rep.; Kuwait; Kyrgyz Republic; Lao PDR; Latvia; Lebanon; Lesotho; Liberia; Libya; Liechtenstein; Lithuania; Luxembourg; Macao SAR, China; Madagascar; Malawi; Malaysia; Maldives; Mali; Malta; Martinique; Mauritania; Mauritius; Mexico; Micronesia, Fed. Sts.; Moldova; Mongolia; Morocco; Mozambique; Myanmar; Namibia; Nepal; Netherlands; Netherlands Antilles (former); New Zealand; Nicaragua; Niger; Nigeria; North Macedonia; Norway; Oman; Pakistan; Panama; Papua New Guinea; Paraguay; Peru; Philippines; Poland; Portugal; Puerto Rico (U.S.); Qatar; Romania; Russian Federation; Rwanda; Réunion; Samoa; Saudi Arabia; Senegal; Serbia; Seychelles; Sierra Leone; Singapore; Slovak Republic; Slovenia; Solomon Islands; South Africa; Spain; Sri Lanka; St. Kitts and Nevis; St. Lucia; St. Vincent and the Grenadines; Sudan; Suriname; Sweden; Switzerland; Syrian Arab Republic; São Tomé and Príncipe; Taiwan, China; Tajikistan; Tanzania; Thailand; Timor-Leste; Togo; Tonga; Trinidad and Tobago; Tunisia; Turkmenistan; Tuvalu; Türkiye; Uganda; Ukraine; United Arab Emirates; United Kingdom; United States; Uruguay; Uzbekistan; Vanuatu; Venezuela, RB; Viet Nam; Virgin Islands (U.S.); West Bank and Gaza; Yemen, Rep.; Zambia; Zimbabwe"
2005,204,"Afghanistan; Albania; Algeria; American Samoa; Andorra; Angola; Anguilla; Antigua and Barbuda; Argentina; Armenia; Aruba; Australia; Austria; Azerbaijan; Bahamas, The; Bahrain; Bangladesh; Barbados; Belarus; Belgium; Belize; Benin; Bermuda; Bhutan; Bolivia; Bosnia and Herzegovina; Botswana; Brazil; Brunei Darussalam; Bulgaria; Burkina Faso; Burundi; Cabo Verde; Cambodia; Cameroon; Canada; Cayman Islands; Central African Republic; Chad; Chile; China; Colombia; Comoros; Congo, Dem. Rep.; Congo, Rep.; Cook Islands; Costa Rica; Croatia; Cuba; Cyprus; Czechia; Côte d’Ivoire; Denmark; Djibouti; Dominica; Dominican Republic; Ecuador; Egypt, Arab Rep.; El Salvador; Equatorial Guinea; Eritrea; Estonia; Eswatini; Ethiopia; Federal Republic of Somalia; Fiji; Finland; France; French Guiana; Gabon; Gambia, The; Georgia; Germany; Ghana; Greece; Grenada; Guam; Guatemala; Guinea; Guinea-Bissau; Guyana; Haiti; Honduras; Hong Kong SAR, China; Hungary; Iceland; India; Indonesia; Iran, Islamic Rep.; Iraq; Ireland; Israel; Italy; Jamaica; Japan; Jordan; Kazakhstan; Kenya; Kiribati; Korea, Dem. People's Rep.; Korea, Rep.; Kuwait; Kyrgyz Republic; Lao PDR; Latvia; Lebanon; Lesotho; Liberia; Libya; Liechtenstein; Lithuania; Luxembourg; Macao SAR, China; Madagascar; Malawi; Malaysia; Maldives; Mali; Malta; Marshall Islands; Martinique; Mauritania; Mauritius; Mexico; Micronesia, Fed. Sts.; Moldova; Mongolia; Morocco; Mozambique; Myanmar; Namibia; Nepal; Netherlands; Netherlands Antilles (former); New Zealand; Nicaragua; Niger; Nigeria; North Macedonia; Norway; Oman; Pakistan; Panama; Papua New Guinea; Paraguay; Peru; Philippines; Poland; Portugal; Puerto Rico (U.S.); Qatar; Romania; Russian Federation; Rwanda; Réunion; Samoa; Saudi Arabia; Senegal; Serbia; Seychelles; Sierra Leone; Singapore; Slovak Republic; Slovenia; Solomon Islands; South Africa; Spain; Sri Lanka; St. Kitts and Nevis; St. Lucia; St. Vincent and the Grenadines; Sudan; Suriname; Sweden; Switzerland; Syrian Arab Republic; São Tomé and Príncipe; Taiwan, China; Tajikistan; Tanzania; Thailand; Timor-Leste; Togo; Tonga; Trinidad and Tobago; Tunisia; Turkmenistan; Tuvalu; Türkiye; Uganda; Ukraine; United Arab Emirates; United Kingdom; United States; Uruguay; Uzbekistan; Vanuatu; Venezuela, RB; Viet Nam; Virgin Islands (U.S.); West Bank and Gaza; Yemen, Rep.; Zambia; Zimbabwe"
2006,206,"Afghanistan; Albania; Algeria; American Samoa; Andorra; Angola; Anguilla; Antigua and Barbuda; Argentina; Armenia; Aruba; Australia; Austria; Azerbaijan; Bahamas, The; Bahrain; Bangladesh; Barbados; Belarus; Belgium; Belize; Benin; Bermuda; Bhutan; Bolivia; Bosnia and Herzegovina; Botswana; Brazil; Brunei Darussalam; Bulgaria; Burkina Faso; Burundi; Cabo Verde; Cambodia; Cameroon; Canada; Cayman Islands; Central African Republic; Chad; Chile; China; Colombia; Comoros; Congo, Dem. Rep.; Congo, Rep.; Cook Islands; Costa Rica; Croatia; Cuba; Cyprus; Czechia; Côte d’Ivoire; Denmark; Djibouti; Dominica; Dominican Republic; Ecuador; Egypt, Arab Rep.; El Salvador; Equatorial Guinea; Eritrea; Estonia; Eswatini; Ethiopia; Federal Republic of Somalia; Fiji; Finland; France; French Guiana; Gabon; Gambia, The; Georgia; Germany; Ghana; Greece; Grenada; Guam; Guatemala; Guinea; Guinea-Bissau; Guyana; Haiti; Honduras; Hong Kong SAR, China; Hungary; Iceland; India; Indonesia; Iran, Islamic Rep.; Iraq; Ireland; Israel; Italy; Jamaica; Japan; Jordan; Kazakhstan; Kenya; Kiribati; Korea, Dem. People's Rep.; Korea, Rep.; Kosovo; Kuwait; Kyrgyz Republic; Lao PDR; Latvia; Lebanon; Lesotho; Liberia; Libya; Liechtenstein; Lithuania; Luxembourg; Macao SAR, China; Madagascar; Malawi; Malaysia; Maldives; Mali; Malta; Marshall Islands; Martinique; Mauritania; Mauritius; Mexico; Micronesia, Fed. Sts.; Moldova; Mongolia; Montenegro; Morocco; Mozambique; Myanmar; Namibia; Nepal; Netherlands; Netherlands Antilles (former); New Zealand; Nicaragua; Niger; Nigeria; North Macedonia; Norway; Oman; Pakistan; Panama; Papua New Guinea; Paraguay; Peru; Philippines; Poland; Portugal; Puerto Rico (U.S.); Qatar; Romania; Russian Federation; Rwanda; Réunion; Samoa; Saudi Arabia; Senegal; Serbia; Seychelles; Sierra Leone; Singapore; Slovak Republic; Slovenia; Solomon Islands; South Africa; Spain; Sri Lanka; St. Kitts and Nevis; St. Lucia; St. Vincent and the Grenadines; Sudan; Suriname; Sweden; Switzerland; Syrian Arab Republic; São Tomé and Príncipe; Taiwan, China; Tajikistan; Tanzania; Thailand; Timor-Leste; Togo; Tonga; Trinidad and Tobago; Tunisia; Turkmenistan; Tuvalu; Türkiye; Uganda; Ukraine; United Arab Emirates; United Kingdom; United States; Uruguay; Uzbekistan; Vanuatu; Venezuela, RB; Viet Nam; Virgin Islands (U.S.); West Bank and Gaza; Yemen, Rep.; Zambia; Zimbabwe"
2007,207,"Afghanistan; Albania; Algeria; American Samoa; Andorra; Angola; Anguilla; Antigua and Barbuda; Argentina; Armenia; Aruba; Australia; Austria; Azerbaijan; Bahamas, The; Bahrain; Bangladesh; Barbados; Belarus; Belgium; Belize; Benin; Bermuda; Bhutan; Bolivia; Bosnia and Herzegovina; Botswana; Brazil; Brunei Darussalam; Bulgaria; Burkina Faso; Burundi; Cabo Verde; Cambodia; Cameroon; Canada; Cayman Islands; Central African Republic; Chad; Chile; China; Colombia; Comoros; Congo, Dem. Rep.; Congo, Rep.; Cook Islands; Costa Rica; Croatia; Cuba; Cyprus; Czechia; Côte d’Ivoire; Denmark; Djibouti; Dominica; Dominican Republic; Ecuador; Egypt, Arab Rep.; El Salvador; Equatorial Guinea; Eritrea; Estonia; Eswatini; Ethiopia; Federal Republic of Somalia; Fiji; Finland; France; French Guiana; Gabon; Gambia, The; Georgia; Germany; Ghana; Greece; Grenada; Guam; Guatemala; Guinea; Guinea-Bissau; Guyana; Haiti; Honduras; Hong Kong SAR, China; Hungary; Iceland; India; Indonesia; Iran, Islamic Rep.; Iraq; Ireland; Israel; Italy; Jamaica; Japan; Jordan; Kazakhstan; Kenya; Kiribati; Korea, Dem. People's Rep.; Korea, Rep.; Kosovo; Kuwait; Kyrgyz Republic; Lao PDR; Latvia; Lebanon; Lesotho; Liberia; Libya; Liechtenstein; Lithuania; Luxembourg; Macao SAR, China; Madagascar; Malawi; Malaysia; Maldives; Mali; Malta; Marshall Islands; Martinique; Mauritania; Mauritius; Mexico; Micronesia, Fed. Sts.; Moldova; Mongolia; Montenegro; Morocco; Mozambique; Myanmar; Namibia; Nauru; Nepal; Netherlands; Netherlands Antilles (former); New Zealand; Nicaragua; Niger; Nigeria; North Macedonia; Norway; Oman; Pakistan; Panama; Papua New Guinea; Paraguay; Peru; Philippines; Poland; Portugal; Puerto Rico (U.S.); Qatar; Romania; Russian Federation; Rwanda; Réunion; Samoa; Saudi Arabia; Senegal; Serbia; Seychelles; Sierra Leone; Singapore; Slovak Republic; Slovenia; Solomon Islands; South Africa; Spain; Sri Lanka; St. Kitts and Nevis; St. Lucia; St. Vincent and the Grenadines; Sudan; Suriname; Sweden; Switzerland; Syrian Arab Republic; São Tomé and Príncipe; Taiwan, China; Tajikistan; Tanzania; Thailand; Timor-Leste; Togo; Tonga; Trinidad and Tobago; Tunisia; Turkmenistan; Tuvalu; Türkiye; Uganda; Ukraine; United Arab Emirates; United Kingdom; United States; Uruguay; Uzbekistan; Vanuatu; Venezuela, RB; Viet Nam; Virgin Islands (U.S.); West Bank and Gaza; Yemen, Rep.; Zambia; Zimbabwe"
2008,208,"Afghanistan; Albania; Algeria; American Samoa; Andorra; Angola; Anguilla; Antigua and Barbuda; Argentina; Armenia; Aruba; Australia; Austria; Azerbaijan; Bahamas, The; Bahrain; Bangladesh; Barbados; Belarus; Belgium; Belize; Benin; Bermuda; Bhutan; Bolivia; Bosnia and Herzegovina; Botswana; Brazil; Brunei Darussalam; Bulgaria; Burkina Faso; Burundi; Cabo Verde; Cambodia; Cameroon; Canada; Cayman Islands; Central African Republic; Chad; Chile; China; Colombia; Comoros; Congo, Dem. Rep.; Congo, Rep.; Cook Islands; Costa Rica; Croatia; Cuba; Cyprus; Czechia; Côte d’Ivoire; Denmark; Djibouti; Dominica; Dominican Republic; Ecuador; Egypt, Arab Rep.; El Salvador; Equatorial Guinea; Eritrea; Estonia; Eswatini; Ethiopia; Federal Republic of Somalia; Fiji; Finland; France; French Guiana; Gabon; Gambia, The; Georgia; Germany; Ghana; Greece; Grenada; Guam; Guatemala; Guinea; Guinea-Bissau; Guyana; Haiti; Honduras; Hong Kong SAR, China; Hungary; Iceland; India; Indonesia; Iran, Islamic Rep.; Iraq; Ireland; Israel; Italy; Jamaica; Japan; Jordan; Kazakhstan; Kenya; Kiribati; Korea, Dem. People's Rep.; Korea, Rep.; Kosovo; Kuwait; Kyrgyz Republic; Lao PDR; Latvia; Lebanon; Lesotho; Liberia; Libya; Liechtenstein; Lithuania; Luxembourg; Macao SAR, China; Madagascar; Malawi; Malaysia; Maldives; Mali; Malta; Marshall Islands; Martinique; Mauritania; Mauritius; Mexico; Micronesia, Fed. Sts.; Moldova; Mongolia; Montenegro; Morocco; Mozambique; Myanmar; Namibia; Nauru; Nepal; Netherlands; Netherlands Antilles (former); New Zealand; Nicaragua; Niger; Nigeria; North Macedonia; Norway; Oman; Pakistan; Palau; Panama; Papua New Guinea; Paraguay; Peru; Philippines; Poland; Portugal; Puerto Rico (U.S.); Qatar; Romania; Russian Federation; Rwanda; Réunion; Samoa; Saudi Arabia; Senegal; Serbia; Seychelles; Sierra Leone; Singapore; Slovak Republic; Slovenia; Solomon Islands; South Africa; Spain; Sri Lanka; St. Kitts and Nevis; St. Lucia; St. Vincent and the Grenadines; Sudan; Suriname; Sweden; Switzerland; Syrian Arab Republic; São Tomé and Príncipe; Taiwan, China; Tajikistan; Tanzania; Thailand; Timor-Leste; Togo; Tonga; Trinidad and Tobago; Tunisia; Turkmenistan; Tuvalu; Türkiye; Uganda; Ukraine; United Arab Emirates; United Kingdom; United States; Uruguay; Uzbekistan; Vanuatu; Venezuela, RB; Viet Nam; Virgin Islands (U.S.); West Bank and Gaza; Yemen, Rep.; Zambia; Zimbabwe"
2009,210,"Afghanistan; Albania; Algeria; American Samoa; Andorra; Angola; Anguilla; Antigua and Barbuda; Argentina; Armenia; Aruba; Australia; Austria; Azerbaijan; Bahamas, The; Bahrain; Bangladesh; Barbados; Belarus; Belgium; Belize; Benin; Bermuda; Bhutan; Bolivia; Bosnia and Herzegovina; Botswana; Brazil; Brunei Darussalam; Bulgaria; Burkina Faso; Burundi; Cabo Verde; Cambodia; Cameroon; Canada; Cayman Islands; Central African Republic; Chad; Chile; China; Colombia; Comoros; Congo, Dem. Rep.; Congo, Rep.; Cook Islands; Costa Rica; Croatia; Cuba; Cyprus; Czechia; Côte d’Ivoire; Denmark; Djibouti; Dominica; Dominican Republic; Ecuador; Egypt, Arab Rep.; El Salvador; Equatorial Guinea; Eritrea; Estonia; Eswatini; Ethiopia; Federal Republic of Somalia; Fiji; Finland; France; French Guiana; Gabon; Gambia, The; Georgia; Germany; Ghana; Greece; Greenland; Grenada; Guam; Guatemala; Guinea; Guinea-Bissau; Guyana; Haiti; Honduras; Hong Kong SAR, China; Hungary; Iceland; India; Indonesia; Iran, Islamic Rep.; Iraq; Ireland; Israel; Italy; Jamaica; Japan; Jordan; Kazakhstan; Kenya; Kiribati; Korea, Dem. People's Rep.; Korea, Rep.; Kosovo; Kuwait; Kyrgyz Republic; Lao PDR; Latvia; Lebanon; Lesotho; Liberia; Libya; Liechtenstein; Lithuania; Luxembourg; Macao SAR, China; Madagascar; Malawi; Malaysia; Maldives; Mali; Malta; Marshall Islands; Martinique; Mauritania; Mauritius; Mexico; Micronesia, Fed. Sts.; Moldova; Mongolia; Montenegro; Morocco; Mozambique; Myanmar; Namibia; Nauru; Nepal; Netherlands; Netherlands Antilles (former); New Zealand; Nicaragua; Niger; Nigeria; Niue; North Macedonia; Norway; Oman; Pakistan; Palau; Panama; Papua New Guinea; Paraguay; Peru; Philippines; Poland; Portugal; Puerto Rico (U.S.); Qatar; Romania; Russian Federation; Rwanda; Réunion; Samoa; Saudi Arabia; Senegal; Serbia; Seychelles; Sierra Leone; Singapore; Slovak Republic; Slovenia; Solomon Islands; South Africa; Spain; Sri Lanka; St. Kitts and Nevis; St. Lucia; St. Vincent and the Grenadines; Sudan; Suriname; Sweden; Switzerland; Syrian Arab Republic; São Tomé and Príncipe; Taiwan, China; Tajikistan; Tanzania; Thailand; Timor-Leste; Togo; Tonga; Trinidad and Tobago; Tunisia; Turkmenistan; Tuvalu; Türkiye; Uganda; Ukraine; United Arab Emirates; United Kingdom; United States; Uruguay; Uzbekistan; Vanuatu; Venezuela, RB; Viet Nam; Virgin Islands (U.S.); West Bank and Gaza; Yemen, Rep.; Zambia; Zimbabwe"
2010,210,"Afghanistan; Albania; Algeria; American Samoa; Andorra; Angola; Anguilla; Antigua and Barbuda; Argentina; Armenia; Aruba; Australia; Austria; Azerbaijan; Bahamas, The; Bahrain; Bangladesh; Barbados; Belarus; Belgium; Belize; Benin; Bermuda; Bhutan; Bolivia; Bosnia and Herzegovina; Botswana; Brazil; Brunei Darussalam; Bulgaria; Burkina Faso; Burundi; Cabo Verde; Cambodia; Cameroon; Canada; Cayman Islands; Central African Republic; Chad; Chile; China; Colombia; Comoros; Congo, Dem. Rep.; Congo, Rep.; Cook Islands; Costa Rica; Croatia; Cuba; Cyprus; Czechia; Côte d’Ivoire; Denmark; Djibouti; Dominica; Dominican Republic; Ecuador; Egypt, Arab Rep.; El Salvador; Equatorial Guinea; Eritrea; Estonia; Eswatini; Ethiopia; Federal Republic of Somalia; Fiji; Finland; France; French Guiana; Gabon; Gambia, The; Georgia; Germany; Ghana; Greece; Greenland; Grenada; Guam; Guatemala; Guinea; Guinea-Bissau; Guyana; Haiti; Honduras; Hong Kong SAR, China; Hungary; Iceland; India; Indonesia; Iran, Islamic Rep.; Iraq; Ireland; Israel; Italy; Jamaica; Japan; Jordan; Kazakhstan; Kenya; Kiribati; Korea, Dem. People's Rep.; Korea, Rep.; Kosovo; Kuwait; Kyrgyz Republic; Lao PDR; Latvia; Lebanon; Lesotho; Liberia; Libya; Liechtenstein; Lithuania; Luxembourg; Macao SAR, China; Madagascar; Malawi; Malaysia; Maldives; Mali; Malta; Marshall Islands; Martinique; Mauritania; Mauritius; Mexico; Micronesia, Fed. Sts.; Moldova; Mongolia; Montenegro; Morocco; Mozambique; Myanmar; Namibia; Nauru; Nepal; Netherlands; Netherlands Antilles (former); New Zealand; Nicaragua; Niger; Nigeria; Niue; North Macedonia; Norway; Oman; Pakistan; Palau; Panama; Papua New Guinea; Paraguay; Peru; Philippines; Poland; Portugal; Puerto Rico (U.S.); Qatar; Romania; Russian Federation; Rwanda; Réunion; Samoa; Saudi Arabia; Senegal; Serbia; Seychelles; Sierra Leone; Singapore; Slovak Republic; Slovenia; Solomon Islands; South Africa; Spain; Sri Lanka; St. Kitts and Nevis; St. Lucia; St. Vincent and the Grenadines; Sudan; Suriname; Sweden; Switzerland; Syrian Arab Republic; São Tomé and Príncipe; Taiwan, China; Tajikistan; Tanzania; Thailand; Timor-Leste; Togo; Tonga; Trinidad and Tobago; Tunisia; Turkmenistan; Tuvalu; Türkiye; Uganda; Ukraine; United Arab Emirates; United Kingdom; United States; Uruguay; Uzbekistan; Vanuatu; Venezuela, RB; Viet Nam; Virgin Islands (U.S.); West Bank and Gaza; Yemen, Rep.; Zambia; Zimbabwe"
2011,212,"Afghanistan; Albania; Algeria; American Samoa; Andorra; Angola; Anguilla; Antigua and Barbuda; Argentina; Armenia; Aruba; Australia; Austria; Azerbaijan; Bahamas, The; Bahrain; Bangladesh; Barbados; Belarus; Belgium; Belize; Benin; Bermuda; Bhutan; Bolivia; Bosnia and Herzegovina; Botswana; Brazil; Brunei Darussalam; Bulgaria; Burkina Faso; Burundi; Cabo Verde; Cambodia; Cameroon; Canada; Cayman Islands; Central African Republic; Chad; Chile; China; Colombia; Comoros; Congo, Dem. Rep.; Congo, Rep.; Cook Islands; Costa Rica; Croatia; Cuba; Cyprus; Czechia; Côte d’Ivoire; Denmark; Djibouti; Dominica; Dominican Republic; Ecuador; Egypt, Arab Rep.; El Salvador; Equatorial Guinea; Eritrea; Estonia; Eswatini; Ethiopia; Federal Republic of Somalia; Fiji; Finland; France; French Guiana; Gabon; Gambia, The; Georgia; Germany; Ghana; Greece; Greenland; Grenada; Guam; Guatemala; Guinea; Guinea-Bissau; Guyana; Haiti; Honduras; Hong Kong SAR, China; Hungary; Iceland; India; Indonesia; Iran, Islamic Rep.; Iraq; Ireland; Israel; Italy; Jamaica; Japan; Jersey, Channel Islands; Jordan; Kazakhstan; Kenya; Kiribati; Korea, Dem. People's Rep.; Korea, Rep.; Kosovo; Kuwait; Kyrgyz Republic; Lao PDR; Latvia; Lebanon; Lesotho; Liberia; Libya; Liechtenstein; Lithuania; Luxembourg; Macao SAR, China; Madagascar; Malawi; Malaysia; Maldives; Mali; Malta; Marshall Islands; Martinique; Mauritania; Mauritius; Mexico; Micronesia, Fed. Sts.; Moldova; Mongolia; Montenegro; Morocco; Mozambique; Myanmar; Namibia; Nauru; Nepal; Netherlands; Netherlands Antilles (former); New Zealand; Nicaragua; Niger; Nigeria; Niue; North Macedonia; Norway; Oman; Pakistan; Palau; Panama; Papua New Guinea; Paraguay; Peru; Philippines; Poland; Portugal; Puerto Rico (U.S.); Qatar; Romania; Russian Federation; Rwanda; Réunion; Samoa; Saudi Arabia; Senegal; Serbia; Seychelles; Sierra Leone; Singapore; Slovak Republic; Slovenia; Solomon Islands; South Africa; South Sudan; Spain; Sri Lanka; St. Kitts and Nevis; St. Lucia; St. Vincent and the Grenadines; Sudan; Suriname; Sweden; Switzerland; Syrian Arab Republic; São Tomé and Príncipe; Taiwan, China; Tajikistan; Tanzania; Thailand; Timor-Leste; Togo; Tonga; Trinidad and Tobago; Tunisia; Turkmenistan; Tuvalu; Türkiye; Uganda; Ukraine; United Arab Emirates; United Kingdom; United States; Uruguay; Uzbekistan; Vanuatu; Venezuela, RB; Viet Nam; Virgin Islands (U.S.); West Bank and Gaza; Yemen, Rep.; Zambia; Zimbabwe"
2012,212,"Afghanistan; Albania; Algeria; American Samoa; Andorra; Angola; Anguilla; Antigua and Barbuda; Argentina; Armenia; Aruba; Australia; Austria; Azerbaijan; Bahamas, The; Bahrain; Bangladesh; Barbados; Belarus; Belgium; Belize; Benin; Bermuda; Bhutan; Bolivia; Bosnia and Herzegovina; Botswana; Brazil; Brunei Darussalam; Bulgaria; Burkina Faso; Burundi; Cabo Verde; Cambodia; Cameroon; Canada; Cayman Islands; Central African Republic; Chad; Chile; China; Colombia; Comoros; Congo, Dem. Rep.; Congo, Rep.; Cook Islands; Costa Rica; Croatia; Cuba; Cyprus; Czechia; Côte d’Ivoire; Denmark; Djibouti; Dominica; Dominican Republic; Ecuador; Egypt, Arab Rep.; El Salvador; Equatorial Guinea; Eritrea; Estonia; Eswatini; Ethiopia; Federal Republic of Somalia; Fiji; Finland; France; French Guiana; Gabon; Gambia, The; Georgia; Germany; Ghana; Greece; Greenland; Grenada; Guam; Guatemala; Guinea; Guinea-Bissau; Guyana; Haiti; Honduras; Hong Kong SAR, China; Hungary; Iceland; India; Indonesia; Iran, Islamic Rep.; Iraq; Ireland; Israel; Italy; Jamaica; Japan; Jersey, Channel Islands; Jordan; Kazakhstan; Kenya; Kiribati; Korea, Dem. People's Rep.; Korea, Rep.; Kosovo; Kuwait; Kyrgyz Republic; Lao PDR; Latvia; Lebanon; Lesotho; Liberia; Libya; Liechtenstein; Lithuania; Luxembourg; Macao SAR, China; Madagascar; Malawi; Malaysia; Maldives; Mali; Malta; Marshall Islands; Martinique; Mauritania; Mauritius; Mexico; Micronesia, Fed. Sts.; Moldova; Mongolia; Montenegro; Morocco; Mozambique; Myanmar; Namibia; Nauru; Nepal; Netherlands; Netherlands Antilles (former); New Zealand; Nicaragua; Niger; Nigeria; Niue; North Macedonia; Norway; Oman; Pakistan; Palau; Panama; Papua New Guinea; Paraguay; Peru; Philippines; Poland; Portugal; Puerto Rico (U.S.); Qatar; Romania; Russian Federation; Rwanda; Réunion; Samoa; Saudi Arabia; Senegal; Serbia; Seychelles; Sierra Leone; Singapore; Slovak Republic; Slovenia; Solomon Islands; South Africa; South Sudan; Spain; Sri Lanka; St. Kitts and Nevis; St. Lucia; St. Vincent and the Grenadines; Sudan; Suriname; Sweden; Switzerland; Syrian Arab Republic; São Tomé and Príncipe; Taiwan, China; Tajikistan; Tanzania; Thailand; Timor-Leste; Togo; Tonga; Trinidad and Tobago; Tunisia; Turkmenistan; Tuvalu; Türkiye; Uganda; Ukraine; United Arab Emirates; United Kingdom; United States; Uruguay; Uzbekistan; Vanuatu; Venezuela, RB; Viet Nam; Virgin Islands (U.S.); West Bank and Gaza; Yemen, Rep.; Zambia; Zimbabwe"
2013,212,"Afghanistan; Albania; Algeria; American Samoa; Andorra; Angola; Anguilla; Antigua and Barbuda; Argentina; Armenia; Aruba; Australia; Austria; Azerbaijan; Bahamas, The; Bahrain; Bangladesh; Barbados; Belarus; Belgium; Belize; Benin; Bermuda; Bhutan; Bolivia; Bosnia and Herzegovina; Botswana; Brazil; Brunei Darussalam; Bulgaria; Burkina Faso; Burundi; Cabo Verde; Cambodia; Cameroon; Canada; Cayman Islands; Central African Republic; Chad; Chile; China; Colombia; Comoros; Congo, Dem. Rep.; Congo, Rep.; Cook Islands; Costa Rica; Croatia; Cuba; Cyprus; Czechia; Côte d’Ivoire; Denmark; Djibouti; Dominica; Dominican Republic; Ecuador; Egypt, Arab Rep.; El Salvador; Equatorial Guinea; Eritrea; Estonia; Eswatini; Ethiopia; Federal Republic of Somalia; Fiji; Finland; France; French Guiana; Gabon; Gambia, The; Georgia; Germany; Ghana; Greece; Greenland; Grenada; Guam; Guatemala; Guinea; Guinea-Bissau; Guyana; Haiti; Honduras; Hong Kong SAR, China; Hungary; Iceland; India; Indonesia; Iran, Islamic Rep.; Iraq; Ireland; Israel; Italy; Jamaica; Japan; Jersey, Channel Islands; Jordan; Kazakhstan; Kenya; Kiribati; Korea, Dem. People's Rep.; Korea, Rep.; Kosovo; Kuwait; Kyrgyz Republic; Lao PDR; Latvia; Lebanon; Lesotho; Liberia; Libya; Liechtenstein; Lithuania; Luxembourg; Macao SAR, China; Madagascar; Malawi; Malaysia; Maldives; Mali; Malta; Marshall Islands; Martinique; Mauritania; Mauritius; Mexico; Micronesia, Fed. Sts.; Moldova; Mongolia; Montenegro; Morocco; Mozambique; Myanmar; Namibia; Nauru; Nepal; Netherlands; Netherlands Antilles (former); New Zealand; Nicaragua; Niger; Nigeria; Niue; North Macedonia; Norway; Oman; Pakistan; Palau; Panama; Papua New Guinea; Paraguay; Peru; Philippines; Poland; Portugal; Puerto Rico (U.S.); Qatar; Romania; Russian Federation; Rwanda; Réunion; Samoa; Saudi Arabia; Senegal; Serbia; Seychelles; Sierra Leone; Singapore; Slovak Republic; Slovenia; Solomon Islands; South Africa; South Sudan; Spain; Sri Lanka; St. Kitts and Nevis; St. Lucia; St. Vincent and the Grenadines; Sudan; Suriname; Sweden; Switzerland; Syrian Arab Republic; São Tomé and Príncipe; Taiwan, China; Tajikistan; Tanzania; Thailand; Timor-Leste; Togo; Tonga; Trinidad and Tobago; Tunisia; Turkmenistan; Tuvalu; Türkiye; Uganda; Ukraine; United Arab Emirates; United Kingdom; United States; Uruguay; Uzbekistan; Vanuatu; Venezuela, RB; Viet Nam; Virgin Islands (U.S.); West Bank and Gaza; Yemen, Rep.; Zambia; Zimbabwe"
2014,212,"Afghanistan; Albania; Algeria; American Samoa; Andorra; Angola; Anguilla; Antigua and Barbuda; Argentina; Armenia; Aruba; Australia; Austria; Azerbaijan; Bahamas, The; Bahrain; Bangladesh; Barbados; Belarus; Belgium; Belize; Benin; Bermuda; Bhutan; Bolivia; Bosnia and Herzegovina; Botswana; Brazil; Brunei Darussalam; Bulgaria; Burkina Faso; Burundi; Cabo Verde; Cambodia; Cameroon; Canada; Cayman Islands; Central African Republic; Chad; Chile; China; Colombia; Comoros; Congo, Dem. Rep.; Congo, Rep.; Cook Islands; Costa Rica; Croatia; Cuba; Cyprus; Czechia; Côte d’Ivoire; Denmark; Djibouti; Dominica; Dominican Republic; Ecuador; Egypt, Arab Rep.; El Salvador; Equatorial Guinea; Eritrea; Estonia; Eswatini; Ethiopia; Federal Republic of Somalia; Fiji; Finland; France; French Guiana; Gabon; Gambia, The; Georgia; Germany; Ghana; Greece; Greenland; Grenada; Guam; Guatemala; Guinea; Guinea-Bissau; Guyana; Haiti; Honduras; Hong Kong SAR, China; Hungary; Iceland; India; Indonesia; Iran, Islamic Rep.; Iraq; Ireland; Israel; Italy; Jamaica; Japan; Jersey, Channel Islands; Jordan; Kazakhstan; Kenya; Kiribati; Korea, Dem. People's Rep.; Korea, Rep.; Kosovo; Kuwait; Kyrgyz Republic; Lao PDR; Latvia; Lebanon; Lesotho; Liberia; Libya; Liechtenstein; Lithuania; Luxembourg; Macao SAR, China; Madagascar; Malawi; Malaysia; Maldives; Mali; Malta; Marshall Islands; Martinique; Mauritania; Mauritius; Mexico; Micronesia, Fed. Sts.; Moldova; Mongolia; Montenegro; Morocco; Mozambique; Myanmar; Namibia; Nauru; Nepal; Netherlands; Netherlands Antilles (former); New Zealand; Nicaragua; Niger; Nigeria; Niue; North Macedonia; Norway; Oman; Pakistan; Palau; Panama; Papua New Guinea; Paraguay; Peru; Philippines; Poland; Portugal; Puerto Rico (U.S.); Qatar; Romania; Russian Federation; Rwanda; Réunion; Samoa; Saudi Arabia; Senegal; Serbia; Seychelles; Sierra Leone; Singapore; Slovak Republic; Slovenia; Solomon Islands; South Africa; South Sudan; Spain; Sri Lanka; St. Kitts and Nevis; St. Lucia; St. Vincent and the Grenadines; Sudan; Suriname; Sweden; Switzerland; Syrian Arab Republic; São Tomé and Príncipe; Taiwan, China; Tajikistan; Tanzania; Thailand; Timor-Leste; Togo; Tonga; Trinidad and Tobago; Tunisia; Turkmenistan; Tuvalu; Türkiye; Uganda; Ukraine; United Arab Emirates; United Kingdom; United States; Uruguay; Uzbekistan; Vanuatu; Venezuela, RB; Viet Nam; Virgin Islands (U.S.); West Bank and Gaza; Yemen, Rep.; Zambia; Zimbabwe"
2015,214,"Afghanistan; Albania; Algeria; American Samoa; Andorra; Angola; Anguilla; Antigua and Barbuda; Argentina; Armenia; Aruba; Australia; Austria; Azerbaijan; Bahamas, The; Bahrain; Bangladesh; Barbados; Belarus; Belgium; Belize; Benin; Bermuda; Bhutan; Bolivia; Bosnia and Herzegovina; Botswana; Brazil; Brunei Darussalam; Bulgaria; Burkina Faso; Burundi; Cabo Verde; Cambodia; Cameroon; Canada; Cayman Islands; Central African Republic; Chad; Chile; China; Colombia; Comoros; Congo, Dem. Rep.; Congo, Rep.; Cook Islands; Costa Rica; Croatia; Cuba; Cyprus; Czechia; Côte d’Ivoire; Denmark; Djibouti; Dominica; Dominican Republic; Ecuador; Egypt, Arab Rep.; El Salvador; Equatorial Guinea; Eritrea; Estonia; Eswatini; Ethiopia; Federal Republic of Somalia; Fiji; Finland; France; French Guiana; Gabon; Gambia, The; Georgia; Germany; Ghana; Greece; Greenland; Grenada; Guam; Guatemala; Guinea; Guinea-Bissau; Guyana; Haiti; Honduras; Hong Kong SAR, China; Hungary; Iceland; India; Indonesia; Iran, Islamic Rep.; Iraq; Ireland; Israel; Italy; Jamaica; Japan; Jersey, Channel Islands; Jordan; Kazakhstan; Kenya; Kiribati; Korea, Dem. People's Rep.; Korea, Rep.; Kosovo; Kuwait; Kyrgyz Republic; Lao PDR; Latvia; Lebanon; Lesotho; Liberia; Libya; Liechtenstein; Lithuania; Luxembourg; Macao SAR, China; Madagascar; Malawi; Malaysia; Maldives; Mali; Malta; Marshall Islands; Martinique; Mauritania; Mauritius; Mexico; Micronesia, Fed. Sts.; Moldova; Monaco; Mongolia; Montenegro; Morocco; Mozambique; Myanmar; Namibia; Nauru; Nepal; Netherlands; Netherlands Antilles (former); New Zealand; Nicaragua; Niger; Nigeria; Niue; North Macedonia; Norway; Oman; Pakistan; Palau; Panama; Papua New Guinea; Paraguay; Peru; Philippines; Poland; Portugal; Puerto Rico (U.S.); Qatar; Romania; Russian Federation; Rwanda; Réunion; Samoa; San Marino; Saudi Arabia; Senegal; Serbia; Seychelles; Sierra Leone; Singapore; Slovak Republic; Slovenia; Solomon Islands; South Africa; South Sudan; Spain; Sri Lanka; St. Kitts and Nevis; St. Lucia; St. Vincent and the Grenadines; Sudan; Suriname; Sweden; Switzerland; Syrian Arab Republic; São Tomé and Príncipe; Taiwan, China; Tajikistan; Tanzania; Thailand; Timor-Leste; Togo; Tonga; Trinidad and Tobago; Tunisia; Turkmenistan; Tuvalu; Türkiye; Uganda; Ukraine; United Arab Emirates; United Kingdom; United States; Uruguay; Uzbekistan; Vanuatu; Venezuela, RB; Viet Nam; Virgin Islands (U.S.); West Bank and Gaza; Yemen, Rep.; Zambia; Zimbabwe"
2016,212,"Afghanistan; Albania; Algeria; American Samoa; Andorra; Angola; Anguilla; Antigua and Barbuda; Argentina; Armenia; Aruba; Australia; Austria; Azerbaijan; Bahamas, The; Bahrain; Bangladesh; Barbados; Belarus; Belgium; Belize; Benin; Bermuda; Bhutan; Bolivia; Bosnia and Herzegovina; Botswana; Brazil; Brunei Darussalam; Bulgaria; Burkina Faso; Burundi; Cabo Verde; Cambodia; Cameroon; Canada; Cayman Islands; Central African Republic; Chad; Chile; China; Colombia; Comoros; Congo, Dem. Rep.; Congo, Rep.; Costa Rica; Croatia; Cuba; Cyprus; Czechia; Côte d’Ivoire; Denmark; Djibouti; Dominica; Dominican Republic; Ecuador; Egypt, Arab Rep.; El Salvador; Equatorial Guinea; Eritrea; Estonia; Eswatini; Ethiopia; Federal Republic of Somalia; Fiji; Finland; France; French Guiana; Gabon; Gambia, The; Georgia; Germany; Ghana; Greece; Greenland; Grenada; Guam; Guatemala; Guinea; Guinea-Bissau; Guyana; Haiti; Honduras; Hong Kong SAR, China; Hungary; Iceland; India; Indonesia; Iran, Islamic Rep.; Iraq; Ireland; Israel; Italy; Jamaica; Japan; Jersey, Channel Islands; Jordan; Kazakhstan; Kenya; Kiribati; Korea, Dem. People's Rep.; Korea, Rep.; Kosovo; Kuwait; Kyrgyz Republic; Lao PDR; Latvia; Lebanon; Lesotho; Liberia; Libya; Liechtenstein; Lithuania; Luxembourg; Macao SAR, China; Madagascar; Malawi; Malaysia; Maldives; Mali; Malta; Marshall Islands; Martinique; Mauritania; Mauritius; Mexico; Micronesia, Fed. Sts.; Moldova; Monaco; Mongolia; Montenegro; Morocco; Mozambique; Myanmar; Namibia; Nauru; Nepal; Netherlands; Netherlands Antilles (former); New Zealand; Nicaragua; Niger; Nigeria; North Macedonia; Norway; Oman; Pakistan; Palau; Panama; Papua New Guinea; Paraguay; Peru; Philippines; Poland; Portugal; Puerto Rico (U.S.); Qatar; Romania; Russian Federation; Rwanda; Réunion; Samoa; San Marino; Saudi Arabia; Senegal; Serbia; Seychelles; Sierra Leone; Singapore; Slovak Republic; Slovenia; Solomon Islands; South Africa; South Sudan; Spain; Sri Lanka; St. Kitts and Nevis; St. Lucia; St. Vincent and the Grenadines; Sudan; Suriname; Sweden; Switzerland; Syrian Arab Republic; São Tomé and Príncipe; Taiwan, China; Tajikistan; Tanzania; Thailand; Timor-Leste; Togo; Tonga; Trinidad and Tobago; Tunisia; Turkmenistan; Tuvalu; Türkiye; Uganda; Ukraine; United Arab Emirates; United Kingdom; United States; Uruguay; Uzbekistan; Vanuatu; Venezuela, RB; Viet Nam; Virgin Islands (U.S.); West Bank and Gaza; Yemen, Rep.; Zambia; Zimbabwe"
2017,212,"Afghanistan; Albania; Algeria; American Samoa; Andorra; Angola; Anguilla; Antigua and Barbuda; Argentina; Armenia; Aruba; Australia; Austria; Azerbaijan; Bahamas, The; Bahrain; Bangladesh; Barbados; Belarus; Belgium; Belize; Benin; Bermuda; Bhutan; Bolivia; Bosnia and Herzegovina; Botswana; Brazil; Brunei Darussalam; Bulgaria; Burkina Faso; Burundi; Cabo Verde; Cambodia; Cameroon; Canada; Cayman Islands; Central African Republic; Chad; Chile; China; Colombia; Comoros; Congo, Dem. Rep.; Congo, Rep.; Costa Rica; Croatia; Cuba; Cyprus; Czechia; Côte d’Ivoire; Denmark; Djibouti; Dominica; Dominican Republic; Ecuador; Egypt, Arab Rep.; El Salvador; Equatorial Guinea; Eritrea; Estonia; Eswatini; Ethiopia; Federal Republic of Somalia; Fiji; Finland; France; French Guiana; Gabon; Gambia, The; Georgia; Germany; Ghana; Greece; Greenland; Grenada; Guam; Guatemala; Guinea; Guinea-Bissau; Guyana; Haiti; Honduras; Hong Kong SAR, China; Hungary; Iceland; India; Indonesia; Iran, Islamic Rep.; Iraq; Ireland; Israel; Italy; Jamaica; Japan; Jersey, Channel Islands; Jordan; Kazakhstan; Kenya; Kiribati; Korea, Dem. People's Rep.; Korea, Rep.; Kosovo; Kuwait; Kyrgyz Republic; Lao PDR; Latvia; Lebanon; Lesotho; Liberia; Libya; Liechtenstein; Lithuania; Luxembourg; Macao SAR, China; Madagascar; Malawi; Malaysia; Maldives; Mali; Malta; Marshall Islands; Martinique; Mauritania; Mauritius; Mexico; Micronesia, Fed. Sts.; Moldova; Monaco; Mongolia; Montenegro; Morocco; Mozambique; Myanmar; Namibia; Nauru; Nepal; Netherlands; Netherlands Antilles (former); New Zealand; Nicaragua; Niger; Nigeria; North Macedonia; Norway; Oman; Pakistan; Palau; Panama; Papua New Guinea; Paraguay; Peru; Philippines; Poland; Portugal; Puerto Rico (U.S.); Qatar; Romania; Russian Federation; Rwanda; Réunion; Samoa; San Marino; Saudi Arabia; Senegal; Serbia; Seychelles; Sierra Leone; Singapore; Slovak Republic; Slovenia; Solomon Islands; South Africa; South Sudan; Spain; Sri Lanka; St. Kitts and Nevis; St. Lucia; St. Vincent and the Grenadines; Sudan; Suriname; Sweden; Switzerland; Syrian Arab Republic; São Tomé and Príncipe; Taiwan, China; Tajikistan; Tanzania; Thailand; Timor-Leste; Togo; Tonga; Trinidad and Tobago; Tunisia; Turkmenistan; Tuvalu; Türkiye; Uganda; Ukraine; United Arab Emirates; United Kingdom; United States; Uruguay; Uzbekistan; Vanuatu; Venezuela, RB; Viet Nam; Virgin Islands (U.S.); West Bank and Gaza; Yemen, Rep.; Zambia; Zimbabwe"
2018,211,"Afghanistan; Albania; Algeria; American Samoa; Andorra; Angola; Anguilla; Antigua and Barbuda; Argentina; Armenia; Aruba; Australia; Austria; Azerbaijan; Bahamas, The; Bahrain; Bangladesh; Barbados; Belarus; Belgium; Belize; Benin; Bermuda; Bhutan; Bolivia; Bosnia and Herzegovina; Botswana; Brazil; Brunei Darussalam; Bulgaria; Burkina Faso; Burundi; Cabo Verde; Cambodia; Cameroon; Canada; Cayman Islands; Central African Republic; Chad; Chile; China; Colombia; Comoros; Congo, Dem. Rep.; Congo, Rep.; Costa Rica; Croatia; Cuba; Cyprus; Czechia; Côte d’Ivoire; Denmark; Djibouti; Dominica; Dominican Republic; Ecuador; Egypt, Arab Rep.; El Salvador; Equatorial Guinea; Eritrea; Estonia; Eswatini; Ethiopia; Federal Republic of Somalia; Fiji; Finland; France; French Guiana; Gabon; Gambia, The; Georgia; Germany; Ghana; Greece; Greenland; Grenada; Guam; Guatemala; Guinea; Guinea-Bissau; Guyana; Haiti; Honduras; Hong Kong SAR, China; Hungary; Iceland; India; Indonesia; Iran, Islamic Rep.; Iraq; Ireland; Israel; Italy; Jamaica; Japan; Jersey, Channel Islands; Jordan; Kazakhstan; Kenya; Kiribati; Korea, Dem. People's Rep.; Korea, Rep.; Kosovo; Kuwait; Kyrgyz Republic; Lao PDR; Latvia; Lebanon; Lesotho; Liberia; Libya; Liechtenstein; Lithuania; Luxembourg; Macao SAR, China; Madagascar; Malawi; Malaysia; Maldives; Mali; Malta; Marshall Islands; Martinique; Mauritania; Mauritius; Mexico; Micronesia, Fed. Sts.; Moldova; Monaco; Mongolia; Montenegro; Morocco; Mozambique; Myanmar; Namibia; Nauru; Nepal; Netherlands; New Zealand; Nicaragua; Niger; Nigeria; North Macedonia; Norway; Oman; Pakistan; Palau; Panama; Papua New Guinea; Paraguay; Peru; Philippines; Poland; Portugal; Puerto Rico (U.S.); Qatar; Romania; Russian Federation; Rwanda; Réunion; Samoa; San Marino; Saudi Arabia; Senegal; Serbia; Seychelles; Sierra Leone; Singapore; Slovak Republic; Slovenia; Solomon Islands; South Africa; South Sudan; Spain; Sri Lanka; St. Kitts and Nevis; St. Lucia; St. Vincent and the Grenadines; Sudan; Suriname; Sweden; Switzerland; Syrian Arab Republic; São Tomé and Príncipe; Taiwan, China; Tajikistan; Tanzania; Thailand; Timor-Leste; Togo; Tonga; Trinidad and Tobago; Tunisia; Turkmenistan; Tuvalu; Türkiye; Uganda; Ukraine; United Arab Emirates; United Kingdom; United States; Uruguay; Uzbekistan; Vanuatu; Venezuela, RB; Viet Nam; Virgin Islands (U.S.); West Bank and Gaza; Yemen, Rep.; Zambia; Zimbabwe"
2019,211,"Afghanistan; Albania; Algeria; American Samoa; Andorra; Angola; Anguilla; Antigua and Barbuda; Argentina; Armenia; Aruba; Australia; Austria; Azerbaijan; Bahamas, The; Bahrain; Bangladesh; Barbados; Belarus; Belgium; Belize; Benin; Bermuda; Bhutan; Bolivia; Bosnia and Herzegovina; Botswana; Brazil; Brunei Darussalam; Bulgaria; Burkina Faso; Burundi; Cabo Verde; Cambodia; Cameroon; Canada; Cayman Islands; Central African Republic; Chad; Chile; China; Colombia; Comoros; Congo, Dem. Rep.; Congo, Rep.; Costa Rica; Croatia; Cuba; Cyprus; Czechia; Côte d’Ivoire; Denmark; Djibouti; Dominica; Dominican Republic; Ecuador; Egypt, Arab Rep.; El Salvador; Equatorial Guinea; Eritrea; Estonia; Eswatini; Ethiopia; Federal Republic of Somalia; Fiji; Finland; France; French Guiana; Gabon; Gambia, The; Georgia; Germany; Ghana; Greece; Greenland; Grenada; Guam; Guatemala; Guinea; Guinea-Bissau; Guyana; Haiti; Honduras; Hong Kong SAR, China; Hungary; Iceland; India; Indonesia; Iran, Islamic Rep.; Iraq; Ireland; Israel; Italy; Jamaica; Japan; Jersey, Channel Islands; Jordan; Kazakhstan; Kenya; Kiribati; Korea, Dem. People's Rep.; Korea, Rep.; Kosovo; Kuwait; Kyrgyz Republic; Lao PDR; Latvia; Lebanon; Lesotho; Liberia; Libya; Liechtenstein; Lithuania; Luxembourg; Macao SAR, China; Madagascar; Malawi; Malaysia; Maldives; Mali; Malta; Marshall Islands; Martinique; Mauritania; Mauritius; Mexico; Micronesia, Fed. Sts.; Moldova; Monaco; Mongolia; Montenegro; Morocco; Mozambique; Myanmar; Namibia; Nauru; Nepal; Netherlands; New Zealand; Nicaragua; Niger; Nigeria; North Macedonia; Norway; Oman; Pakistan; Palau; Panama; Papua New Guinea; Paraguay; Peru; Philippines; Poland; Portugal; Puerto Rico (U.S.); Qatar; Romania; Russian Federation; Rwanda; Réunion; Samoa; San Marino; Saudi Arabia; Senegal; Serbia; Seychelles; Sierra Leone; Singapore; Slovak Republic; Slovenia; Solomon Islands; South Africa; South Sudan; Spain; Sri Lanka; St. Kitts and Nevis; St. Lucia; St. Vincent and the Grenadines; Sudan; Suriname; Sweden; Switzerland; Syrian Arab Republic; São Tomé and Príncipe; Taiwan, China; Tajikistan; Tanzania; Thailand; Timor-Leste; Togo; Tonga; Trinidad and Tobago; Tunisia; Turkmenistan; Tuvalu; Türkiye; Uganda; Ukraine; United Arab Emirates; United Kingdom; United States; Uruguay; Uzbekistan; Vanuatu; Venezuela, RB; Viet Nam; Virgin Islands (U.S.); West Bank and Gaza; Yemen, Rep.; Zambia; Zimbabwe"
2020,211,"Afghanistan; Albania; Algeria; American Samoa; Andorra; Angola; Anguilla; Antigua and Barbuda; Argentina; Armenia; Aruba; Australia; Austria; Azerbaijan; Bahamas, The; Bahrain; Bangladesh; Barbados; Belarus; Belgium; Belize; Benin; Bermuda; Bhutan; Bolivia; Bosnia and Herzegovina; Botswana; Brazil; Brunei Darussalam; Bulgaria; Burkina Faso; Burundi; Cabo Verde; Cambodia; Cameroon; Canada; Cayman Islands; Central African Republic; Chad; Chile; China; Colombia; Comoros; Congo, Dem. Rep.; Congo, Rep.; Costa Rica; Croatia; Cuba; Cyprus; Czechia; Côte d’Ivoire; Denmark; Djibouti; Dominica; Dominican Republic; Ecuador; Egypt, Arab Rep.; El Salvador; Equatorial Guinea; Eritrea; Estonia; Eswatini; Ethiopia; Federal Republic of Somalia; Fiji; Finland; France; French Guiana; Gabon; Gambia, The; Georgia; Germany; Ghana; Greece; Greenland; Grenada; Guam; Guatemala; Guinea; Guinea-Bissau; Guyana; Haiti; Honduras; Hong Kong SAR, China; Hungary; Iceland; India; Indonesia; Iran, Islamic Rep.; Iraq; Ireland; Israel; Italy; Jamaica; Japan; Jersey, Channel Islands; Jordan; Kazakhstan; Kenya; Kiribati; Korea, Dem. People's Rep.; Korea, Rep.; Kosovo; Kuwait; Kyrgyz Republic; Lao PDR; Latvia; Lebanon; Lesotho; Liberia; Libya; Liechtenstein; Lithuania; Luxembourg; Macao SAR, China; Madagascar; Malawi; Malaysia; Maldives; Mali; Malta; Marshall Islands; Martinique; Mauritania; Mauritius; Mexico; Micronesia, Fed. Sts.; Moldova; Monaco; Mongolia; Montenegro; Morocco; Mozambique; Myanmar; Namibia; Nauru; Nepal; Netherlands; New Zealand; Nicaragua; Niger; Nigeria; North Macedonia; Norway; Oman; Pakistan; Palau; Panama; Papua New Guinea; Paraguay; Peru; Philippines; Poland; Portugal; Puerto Rico (U.S.); Qatar; Romania; Russian Federation; Rwanda; Réunion; Samoa; San Marino; Saudi Arabia; Senegal; Serbia; Seychelles; Sierra Leone; Singapore; Slovak Republic; Slovenia; Solomon Islands; South Africa; South Sudan; Spain; Sri Lanka; St. Kitts and Nevis; St. Lucia; St. Vincent and the Grenadines; Sudan; Suriname; Sweden; Switzerland; Syrian Arab Republic; São Tomé and Príncipe; Taiwan, China; Tajikistan; Tanzania; Thailand; Timor-Leste; Togo; Tonga; Trinidad and Tobago; Tunisia; Turkmenistan; Tuvalu; Türkiye; Uganda; Ukraine; United Arab Emirates; United Kingdom; United States; Uruguay; Uzbekistan; Vanuatu; Venezuela, RB; Viet Nam; Virgin Islands (U.S.); West Bank and Gaza; Yemen, Rep.; Zambia; Zimbabwe"
2021,211,"Afghanistan; Albania; Algeria; American Samoa; Andorra; Angola; Anguilla; Antigua and Barbuda; Argentina; Armenia; Aruba; Australia; Austria; Azerbaijan; Bahamas, The; Bahrain; Bangladesh; Barbados; Belarus; Belgium; Belize; Benin; Bermuda; Bhutan; Bolivia; Bosnia and Herzegovina; Botswana; Brazil; Brunei Darussalam; Bulgaria; Burkina Faso; Burundi; Cabo Verde; Cambodia; Cameroon; Canada; Cayman Islands; Central African Republic; Chad; Chile; China; Colombia; Comoros; Congo, Dem. Rep.; Congo, Rep.; Costa Rica; Croatia; Cuba; Cyprus; Czechia; Côte d’Ivoire; Denmark; Djibouti; Dominica; Dominican Republic; Ecuador; Egypt, Arab Rep.; El Salvador; Equatorial Guinea; Eritrea; Estonia; Eswatini; Ethiopia; Federal Republic of Somalia; Fiji; Finland; France; French Guiana; Gabon; Gambia, The; Georgia; Germany; Ghana; Greece; Greenland; Grenada; Guam; Guatemala; Guinea; Guinea-Bissau; Guyana; Haiti; Honduras; Hong Kong SAR, China; Hungary; Iceland; India; Indonesia; Iran, Islamic Rep.; Iraq; Ireland; Israel; Italy; Jamaica; Japan; Jersey, Channel Islands; Jordan; Kazakhstan; Kenya; Kiribati; Korea, Dem. People's Rep.; Korea, Rep.; Kosovo; Kuwait; Kyrgyz Republic; Lao PDR; Latvia; Lebanon; Lesotho; Liberia; Libya; Liechtenstein; Lithuania; Luxembourg; Macao SAR, China; Madagascar; Malawi; Malaysia; Maldives; Mali; Malta; Marshall Islands; Martinique; Mauritania; Mauritius; Mexico; Micronesia, Fed. Sts.; Moldova; Monaco; Mongolia; Montenegro; Morocco; Mozambique; Myanmar; Namibia; Nauru; Nepal; Netherlands; New Zealand; Nicaragua; Niger; Nigeria; North Macedonia; Norway; Oman; Pakistan; Palau; Panama; Papua New Guinea; Paraguay; Peru; Philippines; Poland; Portugal; Puerto Rico (U.S.); Qatar; Romania; Russian Federation; Rwanda; Réunion; Samoa; San Marino; Saudi Arabia; Senegal; Serbia; Seychelles; Sierra Leone; Singapore; Slovak Republic; Slovenia; Solomon Islands; South Africa; South Sudan; Spain; Sri Lanka; St. Kitts and Nevis; St. Lucia; St. Vincent and the Grenadines; Sudan; Suriname; Sweden; Switzerland; Syrian Arab Republic; São Tomé and Príncipe; Taiwan, China; Tajikistan; Tanzania; Thailand; Timor-Leste; Togo; Tonga; Trinidad and Tobago; Tunisia; Turkmenistan; Tuvalu; Türkiye; Uganda; Ukraine; United Arab Emirates; United Kingdom; United States; Uruguay; Uzbekistan; Vanuatu; Venezuela, RB; Viet Nam; Virgin Islands (U.S.); West Bank and Gaza; Yemen, Rep.; Zambia; Zimbabwe"
2022,213,"Afghanistan; Albania; Algeria; American Samoa; Andorra; Angola; Anguilla; Antigua and Barbuda; Argentina; Armenia; Aruba; Australia; Austria; Azerbaijan; Bahamas, The; Bahrain; Bangladesh; Barbados; Belarus; Belgium; Belize; Benin; Bermuda; Bhutan; Bolivia; Bosnia and Herzegovina; Botswana; Brazil; Brunei Darussalam; Bulgaria; Burkina Faso; Burundi; Cabo Verde; Cambodia; Cameroon; Canada; Cayman Islands; Central African Republic; Chad; Chile; China; Colombia; Comoros; Congo, Dem. Rep.; Congo, Rep.; Cook Islands; Costa Rica; Croatia; Cuba; Cyprus; Czechia; Côte d’Ivoire; Denmark; Djibouti; Dominica; Dominican Republic; Ecuador; Egypt, Arab Rep.; El Salvador; Equatorial Guinea; Eritrea; Estonia; Eswatini; Ethiopia; Federal Republic of Somalia; Fiji; Finland; France; French Guiana; Gabon; Gambia, The; Georgia; Germany; Ghana; Greece; Greenland; Grenada; Guam; Guatemala; Guinea; Guinea-Bissau; Guyana; Haiti; Honduras; Hong Kong SAR, China; Hungary; Iceland; India; Indonesia; Iran, Islamic Rep.; Iraq; Ireland; Israel; Italy; Jamaica; Japan; Jersey, Channel Islands; Jordan; Kazakhstan; Kenya; Kiribati; Korea, Dem. People's Rep.; Korea, Rep.; Kosovo; Kuwait; Kyrgyz Republic; Lao PDR; Latvia; Lebanon; Lesotho; Liberia; Libya; Liechtenstein; Lithuania; Luxembourg; Macao SAR, China; Madagascar; Malawi; Malaysia; Maldives; Mali; Malta; Marshall Islands; Martinique; Mauritania; Mauritius; Mexico; Micronesia, Fed. Sts.; Moldova; Monaco; Mongolia; Montenegro; Morocco; Mozambique; Myanmar; Namibia; Nauru; Nepal; Netherlands; New Zealand; Nicaragua; Niger; Nigeria; Niue; North Macedonia; Norway; Oman; Pakistan; Palau; Panama; Papua New Guinea; Paraguay; Peru; Philippines; Poland; Portugal; Puerto Rico (U.S.); Qatar; Romania; Russian Federation; Rwanda; Réunion; Samoa; San Marino; Saudi Arabia; Senegal; Serbia; Seychelles; Sierra Leone; Singapore; Slovak Republic; Slovenia; Solomon Islands; South Africa; South Sudan; Spain; Sri Lanka; St. Kitts and Nevis; St. Lucia; St. Vincent and the Grenadines; Sudan; Suriname; Sweden; Switzerland; Syrian Arab Republic; São Tomé and Príncipe; Taiwan, China; Tajikistan; Tanzania; Thailand; Timor-Leste; Togo; Tonga; Trinidad and Tobago; Tunisia; Turkmenistan; Tuvalu; Türkiye; Uganda; Ukraine; United Arab Emirates; United Kingdom; United States; Uruguay; Uzbekistan; Vanuatu; Venezuela, RB; Viet Nam; Virgin Islands (U.S.); West Bank and Gaza; Yemen, Rep.; Zambia; Zimbabwe"
2023,213,"Afghanistan; Albania; Algeria; American Samoa; Andorra; Angola; Anguilla; Antigua and Barbuda; Argentina; Armenia; Aruba; Australia; Austria; Azerbaijan; Bahamas, The; Bahrain; Bangladesh; Barbados; Belarus; Belgium; Belize; Benin; Bermuda; Bhutan; Bolivia; Bosnia and Herzegovina; Botswana; Brazil; Brunei Darussalam; Bulgaria; Burkina Faso; Burundi; Cabo Verde; Cambodia; Cameroon; Canada; Cayman Islands; Central African Republic; Chad; Chile; China; Colombia; Comoros; Congo, Dem. Rep.; Congo, Rep.; Cook Islands; Costa Rica; Croatia; Cuba; Cyprus; Czechia; Côte d’Ivoire; Denmark; Djibouti; Dominica; Dominican Republic; Ecuador; Egypt, Arab Rep.; El Salvador; Equatorial Guinea; Eritrea; Estonia; Eswatini; Ethiopia; Federal Republic of Somalia; Fiji; Finland; France; French Guiana; Gabon; Gambia, The; Georgia; Germany; Ghana; Greece; Greenland; Grenada; Guam; Guatemala; Guinea; Guinea-Bissau; Guyana; Haiti; Honduras; Hong Kong SAR, China; Hungary; Iceland; India; Indonesia; Iran, Islamic Rep.; Iraq; Ireland; Israel; Italy; Jamaica; Japan; Jersey, Channel Islands; Jordan; Kazakhstan; Kenya; Kiribati; Korea, Dem. People's Rep.; Korea, Rep.; Kosovo; Kuwait; Kyrgyz Republic; Lao PDR; Latvia; Lebanon; Lesotho; Liberia; Libya; Liechtenstein; Lithuania; Luxembourg; Macao SAR, China; Madagascar; Malawi; Malaysia; Maldives; Mali; Malta; Marshall Islands; Martinique; Mauritania; Mauritius; Mexico; Micronesia, Fed. Sts.; Moldova; Monaco; Mongolia; Montenegro; Morocco; Mozambique; Myanmar; Namibia; Nauru; Nepal; Netherlands; New Zealand; Nicaragua; Niger; Nigeria; Niue; North Macedonia; Norway; Oman; Pakistan; Palau; Panama; Papua New Guinea; Paraguay; Peru; Philippines; Poland; Portugal; Puerto Rico (U.S.); Qatar; Romania; Russian Federation; Rwanda; Réunion; Samoa; San Marino; Saudi Arabia; Senegal; Serbia; Seychelles; Sierra Leone; Singapore; Slovak Republic; Slovenia; Solomon Islands; South Africa; South Sudan; Spain; Sri Lanka; St. Kitts and Nevis; St. Lucia; St. Vincent and the Grenadines; Sudan; Suriname; Sweden; Switzerland; Syrian Arab Republic; São Tomé and Príncipe; Taiwan, China; Tajikistan; Tanzania; Thailand; Timor-Leste; Togo; Tonga; Trinidad and Tobago; Tunisia; Turkmenistan; Tuvalu; Türkiye; Uganda; Ukraine; United Arab Emirates; United Kingdom; United States; Uruguay; Uzbekistan; Vanuatu; Venezuela, RB; Viet Nam; Virgin Islands (U.S.); West Bank and Gaza; Yemen, Rep.; Zambia; Zimbabwe"
2024,213,"Afghanistan; Albania; Algeria; American Samoa; Andorra; Angola; Anguilla; Antigua and Barbuda; Argentina; Armenia; Aruba; Australia; Austria; Azerbaijan; Bahamas, The; Bahrain; Bangladesh; Barbados; Belarus; Belgium; Belize; Benin; Bermuda; Bhutan; Bolivia; Bosnia and Herzegovina; Botswana; Brazil; Brunei Darussalam; Bulgaria; Burkina Faso; Burundi; Cabo Verde; Cambodia; Cameroon; Canada; Cayman Islands; Central African Republic; Chad; Chile; China; Colombia; Comoros; Congo, Dem. Rep.; Congo, Rep.; Cook Islands; Costa Rica; Croatia; Cuba; Cyprus; Czechia; Côte d’Ivoire; Denmark; Djibouti; Dominica; Dominican Republic; Ecuador; Egypt, Arab Rep.; El Salvador; Equatorial Guinea; Eritrea; Estonia; Eswatini; Ethiopia; Federal Republic of Somalia; Fiji; Finland; France; French Guiana; Gabon; Gambia, The; Georgia; Germany; Ghana; Greece; Greenland; Grenada; Guam; Guatemala; Guinea; Guinea-Bissau; Guyana; Haiti; Honduras; Hong Kong SAR, China; Hungary; Iceland; India; Indonesia; Iran, Islamic Rep.; Iraq; Ireland; Israel; Italy; Jamaica; Japan; Jersey, Channel Islands; Jordan; Kazakhstan; Kenya; Kiribati; Korea, Dem. People's Rep.; Korea, Rep.; Kosovo; Kuwait; Kyrgyz Republic; Lao PDR; Latvia; Lebanon; Lesotho; Liberia; Libya; Liechtenstein; Lithuania; Luxembourg; Macao SAR, China; Madagascar; Malawi; Malaysia; Maldives; Mali; Malta; Marshall Islands; Martinique; Mauritania; Mauritius; Mexico; Micronesia, Fed. Sts.; Moldova; Monaco; Mongolia; Montenegro; Morocco; Mozambique; Myanmar; Namibia; Nauru; Nepal; Netherlands; New Zealand; Nicaragua; Niger; Nigeria; Niue; North Macedonia; Norway; Oman; Pakistan; Palau; Panama; Papua New Guinea; Paraguay; Peru; Philippines; Poland; Portugal; Puerto Rico (U.S.); Qatar; Romania; Russian Federation; Rwanda; Réunion; Samoa; San Marino; Saudi Arabia; Senegal; Serbia; Seychelles; Sierra Leone; Singapore; Slovak Republic; Slovenia; Solomon Islands; South Africa; South Sudan; Spain; Sri Lanka; St. Kitts and Nevis; St. Lucia; St. Vincent and the Grenadines; Sudan; Suriname; Sweden; Switzerland; Syrian Arab Republic; São Tomé and Príncipe; Taiwan, China; Tajikistan; Tanzania; Thailand; Timor-Leste; Togo; Tonga; Trinidad and Tobago; Tunisia; Turkmenistan; Tuvalu; Türkiye; Uganda; Ukraine; United Arab Emirates; United Kingdom; United States; Uruguay; Uzbekistan; Vanuatu; Venezuela, RB; Viet Nam; Virgin Islands (U.S.); West Bank and Gaza; Yemen, Rep.; Zambia; Zimbabwe"
